{"Version":1,"ManifestType":"Publish","Endpoints":[{"Route":"Components/Layout/ReconnectModal.13ja33weya.razor.js","AssetFile":"Components/Layout/ReconnectModal.razor.js","Selectors":[],"ResponseHeaders":[{"Name":"Cache-Control","Value":"max-age=31536000, immutable"},{"Name":"Content-Length","Value":"2364"},{"Name":"Content-Type","Value":"text/javascript"},{"Name":"ETag","Value":"\"4zGYCWZ4pfXdYacNs7XaH1BXGvludoT6JCkX9NZucgI=\""},{"Name":"Last-Modified","Value":"Tue, 24 Feb 2026 15:52:34 GMT"},{"Name":"Vary","Value":"Accept-Encoding"}],"EndpointProperties":[{"Name":"fingerprint","Value":"13ja33weya"},{"Name":"integrity","Value":"sha256-4zGYCWZ4pfXdYacNs7XaH1BXGvludoT6JCkX9NZucgI="},{"Name":"label","Value":"Components/Layout/ReconnectModal.razor.js"},{"Name":"script-type","Value":"module"}]},{"Route":"Components/Layout/ReconnectModal.13ja33weya.razor.js","AssetFile":"Components/Layout/ReconnectModal.razor.js.gz","Selectors":[{"Name":"Content-Encoding","Value":"gzip","Quality":"0.001386962552"}],"ResponseHeaders":[{"Name":"Cache-Control","Value":"max-age=31536000, immutable"},{"Name":"Content-Encoding","Value":"gzip"},{"Name":"Content-Length","Value":"720"},{"Name":"Content-Type","Value":"text/javascript"},{"Name":"ETag","Value":"\"kQLxn+TSoZvHHUJJnDORp3qKU0F+kzVxLQB9TB0aEoY=\""},{"Name":"Last-Modified","Value":"Tue, 24 Feb 2026 17:48:47 GMT"},{"Name":"Vary","Value":"Accept-Encoding"}],"EndpointProperties":[{"Name":"fingerprint","Value":"13ja33weya"},{"Name":"integrity","Value":"sha256-4zGYCWZ4pfXdYacNs7XaH1BXGvludoT6JCkX9NZucgI="},{"Name":"label","Value":"Components/Layout/ReconnectModal.razor.js"},{"Name":"original-resource","Value":"\"4zGYCWZ4pfXdYacNs7XaH1BXGvludoT6JCkX9NZucgI=\""},{"Name":"script-type","Value":"module"}]},{"Route":"Components/Layout/ReconnectModal.13ja33weya.razor.js","AssetFile":"Components/Layout/ReconnectModal.razor.js.br","Selectors":[{"Name":"Content-Encoding","Value":"br","Quality":"0.001801801802"}],"ResponseHeaders":[{"Name":"Cache-Control","Value":"max-age=31536000, immutable"},{"Name":"Content-Encoding","Value":"br"},{"Name":"Content-Length","Value":"554"},{"Name":"Content-Type","Value":"text/javascript"},{"Name":"ETag","Value":"\"Xr6qXBVHxObx6Sz2BKbcCLBiMx2R6fl8vNJXpOW7eKc=\""},{"Name":"Last-Modified","Value":"Tue, 24 Feb 2026 17:48:50 GMT"},{"Name":"Vary","Value":"Accept-Encoding"}],"EndpointProperties":[{"Name":"fingerprint","Value":"13ja33weya"},{"Name":"integrity","Value":"sha256-4zGYCWZ4pfXdYacNs7XaH1BXGvludoT6JCkX9NZucgI="},{"Name":"label","Value":"Components/Layout/ReconnectModal.razor.js"},{"Name":"original-resource","Value":"\"4zGYCWZ4pfXdYacNs7XaH1BXGvludoT6JCkX9NZucgI=\""},{"Name":"script-type","Value":"module"}]},{"Route":"Components/Layout/ReconnectModal.13ja33weya.razor.js.br","AssetFile":"Components/Layout/ReconnectModal.razor.js.br","Selectors":[],"ResponseHeaders":[{"Name":"Cache-Control","Value":"max-age=31536000, immutable"},{"Name":"Content-Encoding","Value":"br"},{"Name":"Content-Length","Value":"554"},{"Name":"Content-Type","Value":"text/javascript"},{"Name":"ETag","Value":"\"Xr6qXBVHxObx6Sz2BKbcCLBiMx2R6fl8vNJXpOW7eKc=\""},{"Name":"Last-Modified","Value":"Tue, 24 Feb 2026 17:48:50 GMT"},{"Name":"Vary","Value":"Accept-Encoding"}],"EndpointProperties":[{"Name":"fingerprint","Value":"13ja33weya"},{"Name":"integrity","Value":"sha256-Xr6qXBVHxObx6Sz2BKbcCLBiMx2R6fl8vNJXpOW7eKc="},{"Name":"label","Value":"Components/Layout/ReconnectModal.razor.js.br"}]},{"Route":"Components/Layout/ReconnectModal.13ja33weya.razor.js.gz","AssetFile":"Components/Layout/ReconnectModal.razor.js.gz","Selectors":[],"ResponseHeaders":[{"Name":"Cache-Control","Value":"max-age=31536000, immutable"},{"Name":"Content-Encoding","Value":"gzip"},{"Name":"Content-Length","Value":"720"},{"Name":"Content-Type","Value":"text/javascript"},{"Name":"ETag","Value":"\"kQLxn+TSoZvHHUJJnDORp3qKU0F+kzVxLQB9TB0aEoY=\""},{"Name":"Last-Modified","Value":"Tue, 24 Feb 2026 17:48:47 GMT"},{"Name":"Vary","Value":"Accept-Encoding"}],"EndpointProperties":[{"Name":"fingerprint","Value":"13ja33weya"},{"Name":"integrity","Value":"sha256-kQLxn+TSoZvHHUJJnDORp3qKU0F+kzVxLQB9TB0aEoY="},{"Name":"label","Value":"Components/Layout/ReconnectModal.razor.js.gz"}]},{"Route":"Components/Layout/ReconnectModal.razor.js","AssetFile":"Components/Layout/ReconnectModal.razor.js","Selectors":[],"ResponseHeaders":[{"Name":"Cache-Control","Value":"no-cache"},{"Name":"Content-Length","Value":"2364"},{"Name":"Content-Type","Value":"text/javascript"},{"Name":"ETag","Value":"\"4zGYCWZ4pfXdYacNs7XaH1BXGvludoT6JCkX9NZucgI=\""},{"Name":"Last-Modified","Value":"Tue, 24 Feb 2026 15:52:34 GMT"},{"Name":"Vary","Value":"Accept-Encoding"}],"EndpointProperties":[{"Name":"integrity","Value":"sha256-4zGYCWZ4pfXdYacNs7XaH1BXGvludoT6JCkX9NZucgI="},{"Name":"script-type","Value":"module"}]},{"Route":"Components/Layout/ReconnectModal.razor.js","AssetFile":"Components/Layout/ReconnectModal.razor.js.gz","Selectors":[{"Name":"Content-Encoding","Value":"gzip","Quality":"0.001386962552"}],"ResponseHeaders":[{"Name":"Cache-Control","Value":"no-cache"},{"Name":"Content-Encoding","Value":"gzip"},{"Name":"Content-Length","Value":"720"},{"Name":"Content-Type","Value":"text/javascript"},{"Name":"ETag","Value":"\"kQLxn+TSoZvHHUJJnDORp3qKU0F+kzVxLQB9TB0aEoY=\""},{"Name":"Last-Modified","Value":"Tue, 24 Feb 2026 17:48:47 GMT"},{"Name":"Vary","Value":"Accept-Encoding"}],"EndpointProperties":[{"Name":"integrity","Value":"sha256-4zGYCWZ4pfXdYacNs7XaH1BXGvludoT6JCkX9NZucgI="},{"Name":"original-resource","Value":"\"4zGYCWZ4pfXdYacNs7XaH1BXGvludoT6JCkX9NZucgI=\""},{"Name":"script-type","Value":"module"}]},{"Route":"Components/Layout/ReconnectModal.razor.js","AssetFile":"Components/Layout/ReconnectModal.razor.js.br","Selectors":[{"Name":"Content-Encoding","Value":"br","Quality":"0.001801801802"}],"ResponseHeaders":[{"Name":"Cache-Control","Value":"no-cache"},{"Name":"Content-Encoding","Value":"br"},{"Name":"Content-Length","Value":"554"},{"Name":"Content-Type","Value":"text/javascript"},{"Name":"ETag","Value":"\"Xr6qXBVHxObx6Sz2BKbcCLBiMx2R6fl8vNJXpOW7eKc=\""},{"Name":"Last-Modified","Value":"Tue, 24 Feb 2026 17:48:50 GMT"},{"Name":"Vary","Value":"Accept-Encoding"}],"EndpointProperties":[{"Name":"integrity","Value":"sha256-4zGYCWZ4pfXdYacNs7XaH1BXGvludoT6JCkX9NZucgI="},{"Name":"original-resource","Value":"\"4zGYCWZ4pfXdYacNs7XaH1BXGvludoT6JCkX9NZucgI=\""},{"Name":"script-type","Value":"module"}]},{"Route":"Components/Layout/ReconnectModal.razor.js.br","AssetFile":"Components/Layout/ReconnectModal.razor.js.br","Selectors":[],"ResponseHeaders":[{"Name":"Cache-Control","Value":"no-cache"},{"Name":"Content-Encoding","Value":"br"},{"Name":"Content-Length","Value":"554"},{"Name":"Content-Type","Value":"text/javascript"},{"Name":"ETag","Value":"\"Xr6qXBVHxObx6Sz2BKbcCLBiMx2R6fl8vNJXpOW7eKc=\""},{"Name":"Last-Modified","Value":"Tue, 24 Feb 2026 17:48:50 GMT"},{"Name":"Vary","Value":"Accept-Encoding"}],"EndpointProperties":[{"Name":"integrity","Value":"sha256-Xr6qXBVHxObx6Sz2BKbcCLBiMx2R6fl8vNJXpOW7eKc="}]},{"Route":"Components/Layout/ReconnectModal.razor.js.gz","AssetFile":"Components/Layout/ReconnectModal.razor.js.gz","Selectors":[],"ResponseHeaders":[{"Name":"Cache-Control","Value":"no-cache"},{"Name":"Content-Encoding","Value":"gzip"},{"Name":"Content-Length","Value":"720"},{"Name":"Content-Type","Value":"text/javascript"},{"Name":"ETag","Value":"\"kQLxn+TSoZvHHUJJnDORp3qKU0F+kzVxLQB9TB0aEoY=\""},{"Name":"Last-Modified","Value":"Tue, 24 Feb 2026 17:48:47 GMT"},{"Name":"Vary","Value":"Accept-Encoding"}],"EndpointProperties":[{"Name":"integrity","Value":"sha256-kQLxn+TSoZvHHUJJnDORp3qKU0F+kzVxLQB9TB0aEoY="}]},{"Route":"FlourishWellness.7xqnzipyai.styles.css","AssetFile":"FlourishWellness.styles.css.gz","Selectors":[{"Name":"Content-Encoding","Value":"gzip","Quality":"0.000503018109"}],"ResponseHeaders":[{"Name":"Cache-Control","Value":"max-age=31536000, immutable"},{"Name":"Content-Encoding","Value":"gzip"},{"Name":"Content-Length","Value":"1987"},{"Name":"Content-Type","Value":"text/css"},{"Name":"ETag","Value":"\"moHxFNjyzIeuo/z41SuPhmpFxB/dtLDWC1gzFezY6xM=\""},{"Name":"Last-Modified","Value":"Tue, 24 Feb 2026 17:48:47 GMT"},{"Name":"Vary","Value":"Accept-Encoding"}],"EndpointProperties":[{"Name":"fingerprint","Value":"7xqnzipyai"},{"Name":"integrity","Value":"sha256-9XwffPRl3oLnazPvkgoo/4QXtY7TTJlD33c8SLXNtQo="},{"Name":"label","Value":"FlourishWellness.styles.css"},{"Name":"original-resource","Value":"\"9XwffPRl3oLnazPvkgoo/4QXtY7TTJlD33c8SLXNtQo=\""}]},{"Route":"FlourishWellness.7xqnzipyai.styles.css","AssetFile":"FlourishWellness.styles.css.br","Selectors":[{"Name":"Content-Encoding","Value":"br","Quality":"0.000593119810"}],"ResponseHeaders":[{"Name":"Cache-Control","Value":"max-age=31536000, immutable"},{"Name":"Content-Encoding","Value":"br"},{"Name":"Content-Length","Value":"1685"},{"Name":"Content-Type","Value":"text/css"},{"Name":"ETag","Value":"\"Vqxz5TAry9P+TWAjhwH11bbCbQxqPtYxgl0JAXlBx6w=\""},{"Name":"Last-Modified","Value":"Tue, 24 Feb 2026 17:48:50 GMT"},{"Name":"Vary","Value":"Accept-Encoding"}],"EndpointProperties":[{"Name":"fingerprint","Value":"7xqnzipyai"},{"Name":"integrity","Value":"sha256-9XwffPRl3oLnazPvkgoo/4QXtY7TTJlD33c8SLXNtQo="},{"Name":"label","Value":"FlourishWellness.styles.css"},{"Name":"original-resource","Value":"\"9XwffPRl3oLnazPvkgoo/4QXtY7TTJlD33c8SLXNtQo=\""}]},{"Route":"FlourishWellness.7xqnzipyai.styles.css","AssetFile":"FlourishWellness.styles.css","Selectors":[],"ResponseHeaders":[{"Name":"Cache-Control","Value":"max-age=31536000, immutable"},{"Name":"Content-Length","Value":"9607"},{"Name":"Content-Type","Value":"text/css"},{"Name":"ETag","Value":"\"9XwffPRl3oLnazPvkgoo/4QXtY7TTJlD33c8SLXNtQo=\""},{"Name":"Last-Modified","Value":"Tue, 24 Feb 2026 17:48:47 GMT"},{"Name":"Vary","Value":"Accept-Encoding"}],"EndpointProperties":[{"Name":"fingerprint","Value":"7xqnzipyai"},{"Name":"integrity","Value":"sha256-9XwffPRl3oLnazPvkgoo/4QXtY7TTJlD33c8SLXNtQo="},{"Name":"label","Value":"FlourishWellness.styles.css"}]},{"Route":"FlourishWellness.7xqnzipyai.styles.css.br","AssetFile":"FlourishWellness.styles.css.br","Selectors":[],"ResponseHeaders":[{"Name":"Cache-Control","Value":"max-age=31536000, immutable"},{"Name":"Content-Encoding","Value":"br"},{"Name":"Content-Length","Value":"1685"},{"Name":"Content-Type","Value":"text/css"},{"Name":"ETag","Value":"\"Vqxz5TAry9P+TWAjhwH11bbCbQxqPtYxgl0JAXlBx6w=\""},{"Name":"Last-Modified","Value":"Tue, 24 Feb 2026 17:48:50 GMT"},{"Name":"Vary","Value":"Accept-Encoding"}],"EndpointProperties":[{"Name":"fingerprint","Value":"7xqnzipyai"},{"Name":"integrity","Value":"sha256-Vqxz5TAry9P+TWAjhwH11bbCbQxqPtYxgl0JAXlBx6w="},{"Name":"label","Value":"FlourishWellness.styles.css.br"}]},{"Route":"FlourishWellness.7xqnzipyai.styles.css.gz","AssetFile":"FlourishWellness.styles.css.gz","Selectors":[],"ResponseHeaders":[{"Name":"Cache-Control","Value":"max-age=31536000, immutable"},{"Name":"Content-Encoding","Value":"gzip"},{"Name":"Content-Length","Value":"1987"},{"Name":"Content-Type","Value":"text/css"},{"Name":"ETag","Value":"\"moHxFNjyzIeuo/z41SuPhmpFxB/dtLDWC1gzFezY6xM=\""},{"Name":"Last-Modified","Value":"Tue, 24 Feb 2026 17:48:47 GMT"},{"Name":"Vary","Value":"Accept-Encoding"}],"EndpointProperties":[{"Name":"fingerprint","Value":"7xqnzipyai"},{"Name":"integrity","Value":"sha256-moHxFNjyzIeuo/z41SuPhmpFxB/dtLDWC1gzFezY6xM="},{"Name":"label","Value":"FlourishWellness.styles.css.gz"}]},{"Route":"FlourishWellness.styles.css","AssetFile":"FlourishWellness.styles.css.gz","Selectors":[{"Name":"Content-Encoding","Value":"gzip","Quality":"0.000503018109"}],"ResponseHeaders":[{"Name":"Cache-Control","Value":"no-cache"},{"Name":"Content-Encoding","Value":"gzip"},{"Name":"Content-Length","Value":"1987"},{"Name":"Content-Type","Value":"text/css"},{"Name":"ETag","Value":"\"moHxFNjyzIeuo/z41SuPhmpFxB/dtLDWC1gzFezY6xM=\""},{"Name":"Last-Modified","Value":"Tue, 24 Feb 2026 17:48:47 GMT"},{"Name":"Vary","Value":"Accept-Encoding"}],"EndpointProperties":[{"Name":"integrity","Value":"sha256-9XwffPRl3oLnazPvkgoo/4QXtY7TTJlD33c8SLXNtQo="},{"Name":"original-resource","Value":"\"9XwffPRl3oLnazPvkgoo/4QXtY7TTJlD33c8SLXNtQo=\""}]},{"Route":"FlourishWellness.styles.css","AssetFile":"FlourishWellness.styles.css.br","Selectors":[{"Name":"Content-Encoding","Value":"br","Quality":"0.000593119810"}],"ResponseHeaders":[{"Name":"Cache-Control","Value":"no-cache"},{"Name":"Content-Encoding","Value":"br"},{"Name":"Content-Length","Value":"1685"},{"Name":"Content-Type","Value":"text/css"},{"Name":"ETag","Value":"\"Vqxz5TAry9P+TWAjhwH11bbCbQxqPtYxgl0JAXlBx6w=\""},{"Name":"Last-Modified","Value":"Tue, 24 Feb 2026 17:48:50 GMT"},{"Name":"Vary","Value":"Accept-Encoding"}],"EndpointProperties":[{"Name":"integrity","Value":"sha256-9XwffPRl3oLnazPvkgoo/4QXtY7TTJlD33c8SLXNtQo="},{"Name":"original-resource","Value":"\"9XwffPRl3oLnazPvkgoo/4QXtY7TTJlD33c8SLXNtQo=\""}]},{"Route":"FlourishWellness.styles.css","AssetFile":"FlourishWellness.styles.css","Selectors":[],"ResponseHeaders":[{"Name":"Cache-Control","Value":"no-cache"},{"Name":"Content-Length","Value":"9607"},{"Name":"Content-Type","Value":"text/css"},{"Name":"ETag","Value":"\"9XwffPRl3oLnazPvkgoo/4QXtY7TTJlD33c8SLXNtQo=\""},{"Name":"Last-Modified","Value":"Tue, 24 Feb 2026 17:48:47 GMT"},{"Name":"Vary","Value":"Accept-Encoding"}],"EndpointProperties":[{"Name":"integrity","Value":"sha256-9XwffPRl3oLnazPvkgoo/4QXtY7TTJlD33c8SLXNtQo="}]},{"Route":"FlourishWellness.styles.css.br","AssetFile":"FlourishWellness.styles.css.br","Selectors":[],"ResponseHeaders":[{"Name":"Cache-Control","Value":"no-cache"},{"Name":"Content-Encoding","Value":"br"},{"Name":"Content-Length","Value":"1685"},{"Name":"Content-Type","Value":"text/css"},{"Name":"ETag","Value":"\"Vqxz5TAry9P+TWAjhwH11bbCbQxqPtYxgl0JAXlBx6w=\""},{"Name":"Last-Modified","Value":"Tue, 24 Feb 2026 17:48:50 GMT"},{"Name":"Vary","Value":"Accept-Encoding"}],"EndpointProperties":[{"Name":"integrity","Value":"sha256-Vqxz5TAry9P+TWAjhwH11bbCbQxqPtYxgl0JAXlBx6w="}]},{"Route":"FlourishWellness.styles.css.gz","AssetFile":"FlourishWellness.styles.css.gz","Selectors":[],"ResponseHeaders":[{"Name":"Cache-Control","Value":"no-cache"},{"Name":"Content-Encoding","Value":"gzip"},{"Name":"Content-Length","Value":"1987"},{"Name":"Content-Type","Value":"text/css"},{"Name":"ETag","Value":"\"moHxFNjyzIeuo/z41SuPhmpFxB/dtLDWC1gzFezY6xM=\""},{"Name":"Last-Modified","Value":"Tue, 24 Feb 2026 17:48:47 GMT"},{"Name":"Vary","Value":"Accept-Encoding"}],"EndpointProperties":[{"Name":"integrity","Value":"sha256-moHxFNjyzIeuo/z41SuPhmpFxB/dtLDWC1gzFezY6xM="}]},{"Route":"_framework/blazor.server.iz83ucvm53.js","AssetFile":"_framework/blazor.server.js","Selectors":[],"ResponseHeaders":[{"Name":"Cache-Control","Value":"max-age=31536000, immutable"},{"Name":"Content-Length","Value":"164838"},{"Name":"Content-Type","Value":"text/javascript"},{"Name":"ETag","Value":"\"wrHv5evrfrCvb72QC1LnEb6fI61mOQsc3okGKrNJHzU=\""},{"Name":"Last-Modified","Value":"Fri, 12 Dec 2025 17:39:14 GMT"},{"Name":"Vary","Value":"Accept-Encoding"}],"EndpointProperties":[{"Name":"fingerprint","Value":"iz83ucvm53"},{"Name":"integrity","Value":"sha256-wrHv5evrfrCvb72QC1LnEb6fI61mOQsc3okGKrNJHzU="},{"Name":"label","Value":"_framework/blazor.server.js"}]},{"Route":"_framework/blazor.server.iz83ucvm53.js","AssetFile":"_framework/blazor.server.js.br","Selectors":[{"Name":"Content-Encoding","Value":"br","Quality":"0.000025972677"}],"ResponseHeaders":[{"Name":"Cache-Control","Value":"max-age=31536000, immutable"},{"Name":"Content-Encoding","Value":"br"},{"Name":"Content-Length","Value":"38501"},{"Name":"Content-Type","Value":"text/javascript"},{"Name":"ETag","Value":"\"CeuH1yYuQvuSQ21cxQBzj5lW5lUAKyTU6/LjhYml3Qc=\""},{"Name":"Last-Modified","Value":"Tue, 24 Feb 2026 17:48:50 GMT"},{"Name":"Vary","Value":"Accept-Encoding"}],"EndpointProperties":[{"Name":"fingerprint","Value":"iz83ucvm53"},{"Name":"integrity","Value":"sha256-wrHv5evrfrCvb72QC1LnEb6fI61mOQsc3okGKrNJHzU="},{"Name":"label","Value":"_framework/blazor.server.js"},{"Name":"original-resource","Value":"\"wrHv5evrfrCvb72QC1LnEb6fI61mOQsc3okGKrNJHzU=\""}]},{"Route":"_framework/blazor.server.iz83ucvm53.js","AssetFile":"_framework/blazor.server.js.gz","Selectors":[{"Name":"Content-Encoding","Value":"gzip","Quality":"0.000022396417"}],"ResponseHeaders":[{"Name":"Cache-Control","Value":"max-age=31536000, immutable"},{"Name":"Content-Encoding","Value":"gzip"},{"Name":"Content-Length","Value":"44649"},{"Name":"Content-Type","Value":"text/javascript"},{"Name":"ETag","Value":"\"q/TFMuJ+nouW+E1uCL+NQpdTtET8LSu7QUWsUrxPDtI=\""},{"Name":"Last-Modified","Value":"Tue, 24 Feb 2026 17:48:47 GMT"},{"Name":"Vary","Value":"Accept-Encoding"}],"EndpointProperties":[{"Name":"fingerprint","Value":"iz83ucvm53"},{"Name":"integrity","Value":"sha256-wrHv5evrfrCvb72QC1LnEb6fI61mOQsc3okGKrNJHzU="},{"Name":"label","Value":"_framework/blazor.server.js"},{"Name":"original-resource","Value":"\"wrHv5evrfrCvb72QC1LnEb6fI61mOQsc3okGKrNJHzU=\""}]},{"Route":"_framework/blazor.server.iz83ucvm53.js.br","AssetFile":"_framework/blazor.server.js.br","Selectors":[],"ResponseHeaders":[{"Name":"Cache-Control","Value":"max-age=31536000, immutable"},{"Name":"Content-Encoding","Value":"br"},{"Name":"Content-Length","Value":"38501"},{"Name":"Content-Type","Value":"text/javascript"},{"Name":"ETag","Value":"\"CeuH1yYuQvuSQ21cxQBzj5lW5lUAKyTU6/LjhYml3Qc=\""},{"Name":"Last-Modified","Value":"Tue, 24 Feb 2026 17:48:50 GMT"},{"Name":"Vary","Value":"Accept-Encoding"}],"EndpointProperties":[{"Name":"fingerprint","Value":"iz83ucvm53"},{"Name":"integrity","Value":"sha256-CeuH1yYuQvuSQ21cxQBzj5lW5lUAKyTU6/LjhYml3Qc="},{"Name":"label","Value":"_framework/blazor.server.js.br"}]},{"Route":"_framework/blazor.server.iz83ucvm53.js.gz","AssetFile":"_framework/blazor.server.js.gz","Selectors":[],"ResponseHeaders":[{"Name":"Cache-Control","Value":"max-age=31536000, immutable"},{"Name":"Content-Encoding","Value":"gzip"},{"Name":"Content-Length","Value":"44649"},{"Name":"Content-Type","Value":"text/javascript"},{"Name":"ETag","Value":"\"q/TFMuJ+nouW+E1uCL+NQpdTtET8LSu7QUWsUrxPDtI=\""},{"Name":"Last-Modified","Value":"Tue, 24 Feb 2026 17:48:47 GMT"},{"Name":"Vary","Value":"Accept-Encoding"}],"EndpointProperties":[{"Name":"fingerprint","Value":"iz83ucvm53"},{"Name":"integrity","Value":"sha256-q/TFMuJ+nouW+E1uCL+NQpdTtET8LSu7QUWsUrxPDtI="},{"Name":"label","Value":"_framework/blazor.server.js.gz"}]},{"Route":"_framework/blazor.server.js","AssetFile":"_framework/blazor.server.js","Selectors":[],"ResponseHeaders":[{"Name":"Cache-Control","Value":"no-cache"},{"Name":"Content-Length","Value":"164838"},{"Name":"Content-Type","Value":"text/javascript"},{"Name":"ETag","Value":"\"wrHv5evrfrCvb72QC1LnEb6fI61mOQsc3okGKrNJHzU=\""},{"Name":"Last-Modified","Value":"Fri, 12 Dec 2025 17:39:14 GMT"},{"Name":"Vary","Value":"Accept-Encoding"}],"EndpointProperties":[{"Name":"integrity","Value":"sha256-wrHv5evrfrCvb72QC1LnEb6fI61mOQsc3okGKrNJHzU="}]},{"Route":"_framework/blazor.server.js","AssetFile":"_framework/blazor.server.js.br","Selectors":[{"Name":"Content-Encoding","Value":"br","Quality":"0.000025972677"}],"ResponseHeaders":[{"Name":"Cache-Control","Value":"no-cache"},{"Name":"Content-Encoding","Value":"br"},{"Name":"Content-Length","Value":"38501"},{"Name":"Content-Type","Value":"text/javascript"},{"Name":"ETag","Value":"\"CeuH1yYuQvuSQ21cxQBzj5lW5lUAKyTU6/LjhYml3Qc=\""},{"Name":"Last-Modified","Value":"Tue, 24 Feb 2026 17:48:50 GMT"},{"Name":"Vary","Value":"Accept-Encoding"}],"EndpointProperties":[{"Name":"integrity","Value":"sha256-wrHv5evrfrCvb72QC1LnEb6fI61mOQsc3okGKrNJHzU="},{"Name":"original-resource","Value":"\"wrHv5evrfrCvb72QC1LnEb6fI61mOQsc3okGKrNJHzU=\""}]},{"Route":"_framework/blazor.server.js","AssetFile":"_framework/blazor.server.js.gz","Selectors":[{"Name":"Content-Encoding","Value":"gzip","Quality":"0.000022396417"}],"ResponseHeaders":[{"Name":"Cache-Control","Value":"no-cache"},{"Name":"Content-Encoding","Value":"gzip"},{"Name":"Content-Length","Value":"44649"},{"Name":"Content-Type","Value":"text/javascript"},{"Name":"ETag","Value":"\"q/TFMuJ+nouW+E1uCL+NQpdTtET8LSu7QUWsUrxPDtI=\""},{"Name":"Last-Modified","Value":"Tue, 24 Feb 2026 17:48:47 GMT"},{"Name":"Vary","Value":"Accept-Encoding"}],"EndpointProperties":[{"Name":"integrity","Value":"sha256-wrHv5evrfrCvb72QC1LnEb6fI61mOQsc3okGKrNJHzU="},{"Name":"original-resource","Value":"\"wrHv5evrfrCvb72QC1LnEb6fI61mOQsc3okGKrNJHzU=\""}]},{"Route":"_framework/blazor.server.js.br","AssetFile":"_framework/blazor.server.js.br","Selectors":[],"ResponseHeaders":[{"Name":"Cache-Control","Value":"no-cache"},{"Name":"Content-Encoding","Value":"br"},{"Name":"Content-Length","Value":"38501"},{"Name":"Content-Type","Value":"text/javascript"},{"Name":"ETag","Value":"\"CeuH1yYuQvuSQ21cxQBzj5lW5lUAKyTU6/LjhYml3Qc=\""},{"Name":"Last-Modified","Value":"Tue, 24 Feb 2026 17:48:50 GMT"},{"Name":"Vary","Value":"Accept-Encoding"}],"EndpointProperties":[{"Name":"integrity","Value":"sha256-CeuH1yYuQvuSQ21cxQBzj5lW5lUAKyTU6/LjhYml3Qc="}]},{"Route":"_framework/blazor.server.js.gz","AssetFile":"_framework/blazor.server.js.gz","Selectors":[],"ResponseHeaders":[{"Name":"Cache-Control","Value":"no-cache"},{"Name":"Content-Encoding","Value":"gzip"},{"Name":"Content-Length","Value":"44649"},{"Name":"Content-Type","Value":"text/javascript"},{"Name":"ETag","Value":"\"q/TFMuJ+nouW+E1uCL+NQpdTtET8LSu7QUWsUrxPDtI=\""},{"Name":"Last-Modified","Value":"Tue, 24 Feb 2026 17:48:47 GMT"},{"Name":"Vary","Value":"Accept-Encoding"}],"EndpointProperties":[{"Name":"integrity","Value":"sha256-q/TFMuJ+nouW+E1uCL+NQpdTtET8LSu7QUWsUrxPDtI="}]},{"Route":"_framework/blazor.web.2i0r6wwb69.js","AssetFile":"_framework/blazor.web.js","Selectors":[],"ResponseHeaders":[{"Name":"Cache-Control","Value":"max-age=31536000, immutable"},{"Name":"Content-Length","Value":"200213"},{"Name":"Content-Type","Value":"text/javascript"},{"Name":"ETag","Value":"\"tr6FenuttHLAke0P1CkYvfEJEDXMCEoMbGM6BPu3Sk4=\""},{"Name":"Last-Modified","Value":"Fri, 12 Dec 2025 17:39:20 GMT"},{"Name":"Vary","Value":"Accept-Encoding"}],"EndpointProperties":[{"Name":"fingerprint","Value":"2i0r6wwb69"},{"Name":"integrity","Value":"sha256-tr6FenuttHLAke0P1CkYvfEJEDXMCEoMbGM6BPu3Sk4="},{"Name":"label","Value":"_framework/blazor.web.js"}]},{"Route":"_framework/blazor.web.2i0r6wwb69.js","AssetFile":"_framework/blazor.web.js.gz","Selectors":[{"Name":"Content-Encoding","Value":"gzip","Quality":"0.000017976235"}],"ResponseHeaders":[{"Name":"Cache-Control","Value":"max-age=31536000, immutable"},{"Name":"Content-Encoding","Value":"gzip"},{"Name":"Content-Length","Value":"55628"},{"Name":"Content-Type","Value":"text/javascript"},{"Name":"ETag","Value":"\"njY5hJga4Ab2LAKKiY53Yt9zLWTgbw9gGNPZwxxC8I4=\""},{"Name":"Last-Modified","Value":"Tue, 24 Feb 2026 17:48:47 GMT"},{"Name":"Vary","Value":"Accept-Encoding"}],"EndpointProperties":[{"Name":"fingerprint","Value":"2i0r6wwb69"},{"Name":"integrity","Value":"sha256-tr6FenuttHLAke0P1CkYvfEJEDXMCEoMbGM6BPu3Sk4="},{"Name":"label","Value":"_framework/blazor.web.js"},{"Name":"original-resource","Value":"\"tr6FenuttHLAke0P1CkYvfEJEDXMCEoMbGM6BPu3Sk4=\""}]},{"Route":"_framework/blazor.web.2i0r6wwb69.js","AssetFile":"_framework/blazor.web.js.br","Selectors":[{"Name":"Content-Encoding","Value":"br","Quality":"0.000021038901"}],"ResponseHeaders":[{"Name":"Cache-Control","Value":"max-age=31536000, immutable"},{"Name":"Content-Encoding","Value":"br"},{"Name":"Content-Length","Value":"47530"},{"Name":"Content-Type","Value":"text/javascript"},{"Name":"ETag","Value":"\"/DRPwpRheh2JU5SVaNhWFHcdYAKO9LZyeW7c5PhwKeQ=\""},{"Name":"Last-Modified","Value":"Tue, 24 Feb 2026 17:48:50 GMT"},{"Name":"Vary","Value":"Accept-Encoding"}],"EndpointProperties":[{"Name":"fingerprint","Value":"2i0r6wwb69"},{"Name":"integrity","Value":"sha256-tr6FenuttHLAke0P1CkYvfEJEDXMCEoMbGM6BPu3Sk4="},{"Name":"label","Value":"_framework/blazor.web.js"},{"Name":"original-resource","Value":"\"tr6FenuttHLAke0P1CkYvfEJEDXMCEoMbGM6BPu3Sk4=\""}]},{"Route":"_framework/blazor.web.2i0r6wwb69.js.br","AssetFile":"_framework/blazor.web.js.br","Selectors":[],"ResponseHeaders":[{"Name":"Cache-Control","Value":"max-age=31536000, immutable"},{"Name":"Content-Encoding","Value":"br"},{"Name":"Content-Length","Value":"47530"},{"Name":"Content-Type","Value":"text/javascript"},{"Name":"ETag","Value":"\"/DRPwpRheh2JU5SVaNhWFHcdYAKO9LZyeW7c5PhwKeQ=\""},{"Name":"Last-Modified","Value":"Tue, 24 Feb 2026 17:48:50 GMT"},{"Name":"Vary","Value":"Accept-Encoding"}],"EndpointProperties":[{"Name":"fingerprint","Value":"2i0r6wwb69"},{"Name":"integrity","Value":"sha256-/DRPwpRheh2JU5SVaNhWFHcdYAKO9LZyeW7c5PhwKeQ="},{"Name":"label","Value":"_framework/blazor.web.js.br"}]},{"Route":"_framework/blazor.web.2i0r6wwb69.js.gz","AssetFile":"_framework/blazor.web.js.gz","Selectors":[],"ResponseHeaders":[{"Name":"Cache-Control","Value":"max-age=31536000, immutable"},{"Name":"Content-Encoding","Value":"gzip"},{"Name":"Content-Length","Value":"55628"},{"Name":"Content-Type","Value":"text/javascript"},{"Name":"ETag","Value":"\"njY5hJga4Ab2LAKKiY53Yt9zLWTgbw9gGNPZwxxC8I4=\""},{"Name":"Last-Modified","Value":"Tue, 24 Feb 2026 17:48:47 GMT"},{"Name":"Vary","Value":"Accept-Encoding"}],"EndpointProperties":[{"Name":"fingerprint","Value":"2i0r6wwb69"},{"Name":"integrity","Value":"sha256-njY5hJga4Ab2LAKKiY53Yt9zLWTgbw9gGNPZwxxC8I4="},{"Name":"label","Value":"_framework/blazor.web.js.gz"}]},{"Route":"_framework/blazor.web.js","AssetFile":"_framework/blazor.web.js","Selectors":[],"ResponseHeaders":[{"Name":"Cache-Control","Value":"no-cache"},{"Name":"Content-Length","Value":"200213"},{"Name":"Content-Type","Value":"text/javascript"},{"Name":"ETag","Value":"\"tr6FenuttHLAke0P1CkYvfEJEDXMCEoMbGM6BPu3Sk4=\""},{"Name":"Last-Modified","Value":"Fri, 12 Dec 2025 17:39:20 GMT"},{"Name":"Vary","Value":"Accept-Encoding"}],"EndpointProperties":[{"Name":"integrity","Value":"sha256-tr6FenuttHLAke0P1CkYvfEJEDXMCEoMbGM6BPu3Sk4="}]},{"Route":"_framework/blazor.web.js","AssetFile":"_framework/blazor.web.js.gz","Selectors":[{"Name":"Content-Encoding","Value":"gzip","Quality":"0.000017976235"}],"ResponseHeaders":[{"Name":"Cache-Control","Value":"no-cache"},{"Name":"Content-Encoding","Value":"gzip"},{"Name":"Content-Length","Value":"55628"},{"Name":"Content-Type","Value":"text/javascript"},{"Name":"ETag","Value":"\"njY5hJga4Ab2LAKKiY53Yt9zLWTgbw9gGNPZwxxC8I4=\""},{"Name":"Last-Modified","Value":"Tue, 24 Feb 2026 17:48:47 GMT"},{"Name":"Vary","Value":"Accept-Encoding"}],"EndpointProperties":[{"Name":"integrity","Value":"sha256-tr6FenuttHLAke0P1CkYvfEJEDXMCEoMbGM6BPu3Sk4="},{"Name":"original-resource","Value":"\"tr6FenuttHLAke0P1CkYvfEJEDXMCEoMbGM6BPu3Sk4=\""}]},{"Route":"_framework/blazor.web.js","AssetFile":"_framework/blazor.web.js.br","Selectors":[{"Name":"Content-Encoding","Value":"br","Quality":"0.000021038901"}],"ResponseHeaders":[{"Name":"Cache-Control","Value":"no-cache"},{"Name":"Content-Encoding","Value":"br"},{"Name":"Content-Length","Value":"47530"},{"Name":"Content-Type","Value":"text/javascript"},{"Name":"ETag","Value":"\"/DRPwpRheh2JU5SVaNhWFHcdYAKO9LZyeW7c5PhwKeQ=\""},{"Name":"Last-Modified","Value":"Tue, 24 Feb 2026 17:48:50 GMT"},{"Name":"Vary","Value":"Accept-Encoding"}],"EndpointProperties":[{"Name":"integrity","Value":"sha256-tr6FenuttHLAke0P1CkYvfEJEDXMCEoMbGM6BPu3Sk4="},{"Name":"original-resource","Value":"\"tr6FenuttHLAke0P1CkYvfEJEDXMCEoMbGM6BPu3Sk4=\""}]},{"Route":"_framework/blazor.web.js.br","AssetFile":"_framework/blazor.web.js.br","Selectors":[],"ResponseHeaders":[{"Name":"Cache-Control","Value":"no-cache"},{"Name":"Content-Encoding","Value":"br"},{"Name":"Content-Length","Value":"47530"},{"Name":"Content-Type","Value":"text/javascript"},{"Name":"ETag","Value":"\"/DRPwpRheh2JU5SVaNhWFHcdYAKO9LZyeW7c5PhwKeQ=\""},{"Name":"Last-Modified","Value":"Tue, 24 Feb 2026 17:48:50 GMT"},{"Name":"Vary","Value":"Accept-Encoding"}],"EndpointProperties":[{"Name":"integrity","Value":"sha256-/DRPwpRheh2JU5SVaNhWFHcdYAKO9LZyeW7c5PhwKeQ="}]},{"Route":"_framework/blazor.web.js.gz","AssetFile":"_framework/blazor.web.js.gz","Selectors":[],"ResponseHeaders":[{"Name":"Cache-Control","Value":"no-cache"},{"Name":"Content-Encoding","Value":"gzip"},{"Name":"Content-Length","Value":"55628"},{"Name":"Content-Type","Value":"text/javascript"},{"Name":"ETag","Value":"\"njY5hJga4Ab2LAKKiY53Yt9zLWTgbw9gGNPZwxxC8I4=\""},{"Name":"Last-Modified","Value":"Tue, 24 Feb 2026 17:48:47 GMT"},{"Name":"Vary","Value":"Accept-Encoding"}],"EndpointProperties":[{"Name":"integrity","Value":"sha256-njY5hJga4Ab2LAKKiY53Yt9zLWTgbw9gGNPZwxxC8I4="}]},{"Route":"app.46ovmkavyo.js","AssetFile":"app.js.gz","Selectors":[{"Name":"Content-Encoding","Value":"gzip","Quality":"0.005181347150"}],"ResponseHeaders":[{"Name":"Cache-Control","Value":"max-age=31536000, immutable"},{"Name":"Content-Encoding","Value":"gzip"},{"Name":"Content-Length","Value":"192"},{"Name":"Content-Type","Value":"text/javascript"},{"Name":"ETag","Value":"\"3IjDSmKgiWMUVNyLHEDyo84rO8w2yyNwvJSTmhl23tM=\""},{"Name":"Last-Modified","Value":"Tue, 24 Feb 2026 17:48:47 GMT"},{"Name":"Vary","Value":"Accept-Encoding"}],"EndpointProperties":[{"Name":"fingerprint","Value":"46ovmkavyo"},{"Name":"integrity","Value":"sha256-5G0O0c5+mZbs8BXNSMpNw1WPzsL+JAoP46YvQLTN4ec="},{"Name":"label","Value":"app.js"},{"Name":"original-resource","Value":"\"5G0O0c5+mZbs8BXNSMpNw1WPzsL+JAoP46YvQLTN4ec=\""}]},{"Route":"app.46ovmkavyo.js","AssetFile":"app.js.br","Selectors":[{"Name":"Content-Encoding","Value":"br","Quality":"0.007407407407"}],"ResponseHeaders":[{"Name":"Cache-Control","Value":"max-age=31536000, immutable"},{"Name":"Content-Encoding","Value":"br"},{"Name":"Content-Length","Value":"134"},{"Name":"Content-Type","Value":"text/javascript"},{"Name":"ETag","Value":"\"qIq9Xof7QTAbab62YljRVktAS4DTFSihF35QFQI+J/M=\""},{"Name":"Last-Modified","Value":"Tue, 24 Feb 2026 17:48:50 GMT"},{"Name":"Vary","Value":"Accept-Encoding"}],"EndpointProperties":[{"Name":"fingerprint","Value":"46ovmkavyo"},{"Name":"integrity","Value":"sha256-5G0O0c5+mZbs8BXNSMpNw1WPzsL+JAoP46YvQLTN4ec="},{"Name":"label","Value":"app.js"},{"Name":"original-resource","Value":"\"5G0O0c5+mZbs8BXNSMpNw1WPzsL+JAoP46YvQLTN4ec=\""}]},{"Route":"app.46ovmkavyo.js","AssetFile":"app.js","Selectors":[],"ResponseHeaders":[{"Name":"Cache-Control","Value":"max-age=31536000, immutable"},{"Name":"Content-Length","Value":"295"},{"Name":"Content-Type","Value":"text/javascript"},{"Name":"ETag","Value":"\"5G0O0c5+mZbs8BXNSMpNw1WPzsL+JAoP46YvQLTN4ec=\""},{"Name":"Last-Modified","Value":"Tue, 24 Feb 2026 15:52:34 GMT"},{"Name":"Vary","Value":"Accept-Encoding"}],"EndpointProperties":[{"Name":"fingerprint","Value":"46ovmkavyo"},{"Name":"integrity","Value":"sha256-5G0O0c5+mZbs8BXNSMpNw1WPzsL+JAoP46YvQLTN4ec="},{"Name":"label","Value":"app.js"}]},{"Route":"app.46ovmkavyo.js.br","AssetFile":"app.js.br","Selectors":[],"ResponseHeaders":[{"Name":"Cache-Control","Value":"max-age=31536000, immutable"},{"Name":"Content-Encoding","Value":"br"},{"Name":"Content-Length","Value":"134"},{"Name":"Content-Type","Value":"text/javascript"},{"Name":"ETag","Value":"\"qIq9Xof7QTAbab62YljRVktAS4DTFSihF35QFQI+J/M=\""},{"Name":"Last-Modified","Value":"Tue, 24 Feb 2026 17:48:50 GMT"},{"Name":"Vary","Value":"Accept-Encoding"}],"EndpointProperties":[{"Name":"fingerprint","Value":"46ovmkavyo"},{"Name":"integrity","Value":"sha256-qIq9Xof7QTAbab62YljRVktAS4DTFSihF35QFQI+J/M="},{"Name":"label","Value":"app.js.br"}]},{"Route":"app.46ovmkavyo.js.gz","AssetFile":"app.js.gz","Selectors":[],"ResponseHeaders":[{"Name":"Cache-Control","Value":"max-age=31536000, immutable"},{"Name":"Content-Encoding","Value":"gzip"},{"Name":"Content-Length","Value":"192"},{"Name":"Content-Type","Value":"text/javascript"},{"Name":"ETag","Value":"\"3IjDSmKgiWMUVNyLHEDyo84rO8w2yyNwvJSTmhl23tM=\""},{"Name":"Last-Modified","Value":"Tue, 24 Feb 2026 17:48:47 GMT"},{"Name":"Vary","Value":"Accept-Encoding"}],"EndpointProperties":[{"Name":"fingerprint","Value":"46ovmkavyo"},{"Name":"integrity","Value":"sha256-3IjDSmKgiWMUVNyLHEDyo84rO8w2yyNwvJSTmhl23tM="},{"Name":"label","Value":"app.js.gz"}]},{"Route":"app.css","AssetFile":"app.css.br","Selectors":[{"Name":"Content-Encoding","Value":"br","Quality":"0.000732064422"}],"ResponseHeaders":[{"Name":"Cache-Control","Value":"no-cache"},{"Name":"Content-Encoding","Value":"br"},{"Name":"Content-Length","Value":"1365"},{"Name":"Content-Type","Value":"text/css"},{"Name":"ETag","Value":"\"C9me9ulfwssxygOIU2QGjlZWkjcDxBUniHYYeQjb+5c=\""},{"Name":"Last-Modified","Value":"Tue, 24 Feb 2026 17:48:50 GMT"},{"Name":"Vary","Value":"Accept-Encoding"}],"EndpointProperties":[{"Name":"integrity","Value":"sha256-Rq1TJuRHTHUO+GZ2EuN1qV5debhrSYvH7etSvjcvo6s="},{"Name":"original-resource","Value":"\"Rq1TJuRHTHUO+GZ2EuN1qV5debhrSYvH7etSvjcvo6s=\""}]},{"Route":"app.css","AssetFile":"app.css.gz","Selectors":[{"Name":"Content-Encoding","Value":"gzip","Quality":"0.000626566416"}],"ResponseHeaders":[{"Name":"Cache-Control","Value":"no-cache"},{"Name":"Content-Encoding","Value":"gzip"},{"Name":"Content-Length","Value":"1595"},{"Name":"Content-Type","Value":"text/css"},{"Name":"ETag","Value":"\"tmEVj4WboJPuG7EvajHGO9rJVVSzHoUH1a33jLbUq5M=\""},{"Name":"Last-Modified","Value":"Tue, 24 Feb 2026 17:48:47 GMT"},{"Name":"Vary","Value":"Accept-Encoding"}],"EndpointProperties":[{"Name":"integrity","Value":"sha256-Rq1TJuRHTHUO+GZ2EuN1qV5debhrSYvH7etSvjcvo6s="},{"Name":"original-resource","Value":"\"Rq1TJuRHTHUO+GZ2EuN1qV5debhrSYvH7etSvjcvo6s=\""}]},{"Route":"app.css","AssetFile":"app.css","Selectors":[],"ResponseHeaders":[{"Name":"Cache-Control","Value":"no-cache"},{"Name":"Content-Length","Value":"3029"},{"Name":"Content-Type","Value":"text/css"},{"Name":"ETag","Value":"\"Rq1TJuRHTHUO+GZ2EuN1qV5debhrSYvH7etSvjcvo6s=\""},{"Name":"Last-Modified","Value":"Tue, 24 Feb 2026 15:52:34 GMT"},{"Name":"Vary","Value":"Accept-Encoding"}],"EndpointProperties":[{"Name":"integrity","Value":"sha256-Rq1TJuRHTHUO+GZ2EuN1qV5debhrSYvH7etSvjcvo6s="}]},{"Route":"app.css.br","AssetFile":"app.css.br","Selectors":[],"ResponseHeaders":[{"Name":"Cache-Control","Value":"no-cache"},{"Name":"Content-Encoding","Value":"br"},{"Name":"Content-Length","Value":"1365"},{"Name":"Content-Type","Value":"text/css"},{"Name":"ETag","Value":"\"C9me9ulfwssxygOIU2QGjlZWkjcDxBUniHYYeQjb+5c=\""},{"Name":"Last-Modified","Value":"Tue, 24 Feb 2026 17:48:50 GMT"},{"Name":"Vary","Value":"Accept-Encoding"}],"EndpointProperties":[{"Name":"integrity","Value":"sha256-C9me9ulfwssxygOIU2QGjlZWkjcDxBUniHYYeQjb+5c="}]},{"Route":"app.css.gz","AssetFile":"app.css.gz","Selectors":[],"ResponseHeaders":[{"Name":"Cache-Control","Value":"no-cache"},{"Name":"Content-Encoding","Value":"gzip"},{"Name":"Content-Length","Value":"1595"},{"Name":"Content-Type","Value":"text/css"},{"Name":"ETag","Value":"\"tmEVj4WboJPuG7EvajHGO9rJVVSzHoUH1a33jLbUq5M=\""},{"Name":"Last-Modified","Value":"Tue, 24 Feb 2026 17:48:47 GMT"},{"Name":"Vary","Value":"Accept-Encoding"}],"EndpointProperties":[{"Name":"integrity","Value":"sha256-tmEVj4WboJPuG7EvajHGO9rJVVSzHoUH1a33jLbUq5M="}]},{"Route":"app.js","AssetFile":"app.js.gz","Selectors":[{"Name":"Content-Encoding","Value":"gzip","Quality":"0.005181347150"}],"ResponseHeaders":[{"Name":"Cache-Control","Value":"no-cache"},{"Name":"Content-Encoding","Value":"gzip"},{"Name":"Content-Length","Value":"192"},{"Name":"Content-Type","Value":"text/javascript"},{"Name":"ETag","Value":"\"3IjDSmKgiWMUVNyLHEDyo84rO8w2yyNwvJSTmhl23tM=\""},{"Name":"Last-Modified","Value":"Tue, 24 Feb 2026 17:48:47 GMT"},{"Name":"Vary","Value":"Accept-Encoding"}],"EndpointProperties":[{"Name":"integrity","Value":"sha256-5G0O0c5+mZbs8BXNSMpNw1WPzsL+JAoP46YvQLTN4ec="},{"Name":"original-resource","Value":"\"5G0O0c5+mZbs8BXNSMpNw1WPzsL+JAoP46YvQLTN4ec=\""}]},{"Route":"app.js","AssetFile":"app.js.br","Selectors":[{"Name":"Content-Encoding","Value":"br","Quality":"0.007407407407"}],"ResponseHeaders":[{"Name":"Cache-Control","Value":"no-cache"},{"Name":"Content-Encoding","Value":"br"},{"Name":"Content-Length","Value":"134"},{"Name":"Content-Type","Value":"text/javascript"},{"Name":"ETag","Value":"\"qIq9Xof7QTAbab62YljRVktAS4DTFSihF35QFQI+J/M=\""},{"Name":"Last-Modified","Value":"Tue, 24 Feb 2026 17:48:50 GMT"},{"Name":"Vary","Value":"Accept-Encoding"}],"EndpointProperties":[{"Name":"integrity","Value":"sha256-5G0O0c5+mZbs8BXNSMpNw1WPzsL+JAoP46YvQLTN4ec="},{"Name":"original-resource","Value":"\"5G0O0c5+mZbs8BXNSMpNw1WPzsL+JAoP46YvQLTN4ec=\""}]},{"Route":"app.js","AssetFile":"app.js","Selectors":[],"ResponseHeaders":[{"Name":"Cache-Control","Value":"no-cache"},{"Name":"Content-Length","Value":"295"},{"Name":"Content-Type","Value":"text/javascript"},{"Name":"ETag","Value":"\"5G0O0c5+mZbs8BXNSMpNw1WPzsL+JAoP46YvQLTN4ec=\""},{"Name":"Last-Modified","Value":"Tue, 24 Feb 2026 15:52:34 GMT"},{"Name":"Vary","Value":"Accept-Encoding"}],"EndpointProperties":[{"Name":"integrity","Value":"sha256-5G0O0c5+mZbs8BXNSMpNw1WPzsL+JAoP46YvQLTN4ec="}]},{"Route":"app.js.br","AssetFile":"app.js.br","Selectors":[],"ResponseHeaders":[{"Name":"Cache-Control","Value":"no-cache"},{"Name":"Content-Encoding","Value":"br"},{"Name":"Content-Length","Value":"134"},{"Name":"Content-Type","Value":"text/javascript"},{"Name":"ETag","Value":"\"qIq9Xof7QTAbab62YljRVktAS4DTFSihF35QFQI+J/M=\""},{"Name":"Last-Modified","Value":"Tue, 24 Feb 2026 17:48:50 GMT"},{"Name":"Vary","Value":"Accept-Encoding"}],"EndpointProperties":[{"Name":"integrity","Value":"sha256-qIq9Xof7QTAbab62YljRVktAS4DTFSihF35QFQI+J/M="}]},{"Route":"app.js.gz","AssetFile":"app.js.gz","Selectors":[],"ResponseHeaders":[{"Name":"Cache-Control","Value":"no-cache"},{"Name":"Content-Encoding","Value":"gzip"},{"Name":"Content-Length","Value":"192"},{"Name":"Content-Type","Value":"text/javascript"},{"Name":"ETag","Value":"\"3IjDSmKgiWMUVNyLHEDyo84rO8w2yyNwvJSTmhl23tM=\""},{"Name":"Last-Modified","Value":"Tue, 24 Feb 2026 17:48:47 GMT"},{"Name":"Vary","Value":"Accept-Encoding"}],"EndpointProperties":[{"Name":"integrity","Value":"sha256-3IjDSmKgiWMUVNyLHEDyo84rO8w2yyNwvJSTmhl23tM="}]},{"Route":"app.ui26vr9o88.css","AssetFile":"app.css.br","Selectors":[{"Name":"Content-Encoding","Value":"br","Quality":"0.000732064422"}],"ResponseHeaders":[{"Name":"Cache-Control","Value":"max-age=31536000, immutable"},{"Name":"Content-Encoding","Value":"br"},{"Name":"Content-Length","Value":"1365"},{"Name":"Content-Type","Value":"text/css"},{"Name":"ETag","Value":"\"C9me9ulfwssxygOIU2QGjlZWkjcDxBUniHYYeQjb+5c=\""},{"Name":"Last-Modified","Value":"Tue, 24 Feb 2026 17:48:50 GMT"},{"Name":"Vary","Value":"Accept-Encoding"}],"EndpointProperties":[{"Name":"fingerprint","Value":"ui26vr9o88"},{"Name":"integrity","Value":"sha256-Rq1TJuRHTHUO+GZ2EuN1qV5debhrSYvH7etSvjcvo6s="},{"Name":"label","Value":"app.css"},{"Name":"original-resource","Value":"\"Rq1TJuRHTHUO+GZ2EuN1qV5debhrSYvH7etSvjcvo6s=\""}]},{"Route":"app.ui26vr9o88.css","AssetFile":"app.css.gz","Selectors":[{"Name":"Content-Encoding","Value":"gzip","Quality":"0.000626566416"}],"ResponseHeaders":[{"Name":"Cache-Control","Value":"max-age=31536000, immutable"},{"Name":"Content-Encoding","Value":"gzip"},{"Name":"Content-Length","Value":"1595"},{"Name":"Content-Type","Value":"text/css"},{"Name":"ETag","Value":"\"tmEVj4WboJPuG7EvajHGO9rJVVSzHoUH1a33jLbUq5M=\""},{"Name":"Last-Modified","Value":"Tue, 24 Feb 2026 17:48:47 GMT"},{"Name":"Vary","Value":"Accept-Encoding"}],"EndpointProperties":[{"Name":"fingerprint","Value":"ui26vr9o88"},{"Name":"integrity","Value":"sha256-Rq1TJuRHTHUO+GZ2EuN1qV5debhrSYvH7etSvjcvo6s="},{"Name":"label","Value":"app.css"},{"Name":"original-resource","Value":"\"Rq1TJuRHTHUO+GZ2EuN1qV5debhrSYvH7etSvjcvo6s=\""}]},{"Route":"app.ui26vr9o88.css","AssetFile":"app.css","Selectors":[],"ResponseHeaders":[{"Name":"Cache-Control","Value":"max-age=31536000, immutable"},{"Name":"Content-Length","Value":"3029"},{"Name":"Content-Type","Value":"text/css"},{"Name":"ETag","Value":"\"Rq1TJuRHTHUO+GZ2EuN1qV5debhrSYvH7etSvjcvo6s=\""},{"Name":"Last-Modified","Value":"Tue, 24 Feb 2026 15:52:34 GMT"},{"Name":"Vary","Value":"Accept-Encoding"}],"EndpointProperties":[{"Name":"fingerprint","Value":"ui26vr9o88"},{"Name":"integrity","Value":"sha256-Rq1TJuRHTHUO+GZ2EuN1qV5debhrSYvH7etSvjcvo6s="},{"Name":"label","Value":"app.css"}]},{"Route":"app.ui26vr9o88.css.br","AssetFile":"app.css.br","Selectors":[],"ResponseHeaders":[{"Name":"Cache-Control","Value":"max-age=31536000, immutable"},{"Name":"Content-Encoding","Value":"br"},{"Name":"Content-Length","Value":"1365"},{"Name":"Content-Type","Value":"text/css"},{"Name":"ETag","Value":"\"C9me9ulfwssxygOIU2QGjlZWkjcDxBUniHYYeQjb+5c=\""},{"Name":"Last-Modified","Value":"Tue, 24 Feb 2026 17:48:50 GMT"},{"Name":"Vary","Value":"Accept-Encoding"}],"EndpointProperties":[{"Name":"fingerprint","Value":"ui26vr9o88"},{"Name":"integrity","Value":"sha256-C9me9ulfwssxygOIU2QGjlZWkjcDxBUniHYYeQjb+5c="},{"Name":"label","Value":"app.css.br"}]},{"Route":"app.ui26vr9o88.css.gz","AssetFile":"app.css.gz","Selectors":[],"ResponseHeaders":[{"Name":"Cache-Control","Value":"max-age=31536000, immutable"},{"Name":"Content-Encoding","Value":"gzip"},{"Name":"Content-Length","Value":"1595"},{"Name":"Content-Type","Value":"text/css"},{"Name":"ETag","Value":"\"tmEVj4WboJPuG7EvajHGO9rJVVSzHoUH1a33jLbUq5M=\""},{"Name":"Last-Modified","Value":"Tue, 24 Feb 2026 17:48:47 GMT"},{"Name":"Vary","Value":"Accept-Encoding"}],"EndpointProperties":[{"Name":"fingerprint","Value":"ui26vr9o88"},{"Name":"integrity","Value":"sha256-tmEVj4WboJPuG7EvajHGO9rJVVSzHoUH1a33jLbUq5M="},{"Name":"label","Value":"app.css.gz"}]},{"Route":"images/logo.alnk15fntl.svg","AssetFile":"images/logo.svg.br","Selectors":[{"Name":"Content-Encoding","Value":"br","Quality":"0.000314861461"}],"ResponseHeaders":[{"Name":"Cache-Control","Value":"max-age=31536000, immutable"},{"Name":"Content-Encoding","Value":"br"},{"Name":"Content-Length","Value":"3175"},{"Name":"Content-Type","Value":"image/svg+xml"},{"Name":"ETag","Value":"\"J/WjS7II2vBLzuadKajQOvTUT5GdinWdRpSkVL8NaGQ=\""},{"Name":"Last-Modified","Value":"Tue, 24 Feb 2026 17:48:50 GMT"},{"Name":"Vary","Value":"Accept-Encoding"}],"EndpointProperties":[{"Name":"fingerprint","Value":"alnk15fntl"},{"Name":"integrity","Value":"sha256-ksY3Siovjc/UVDs0a0NVVV/FKH1MkjX5jRCgLGywZDw="},{"Name":"label","Value":"images/logo.svg"},{"Name":"original-resource","Value":"\"ksY3Siovjc/UVDs0a0NVVV/FKH1MkjX5jRCgLGywZDw=\""}]},{"Route":"images/logo.alnk15fntl.svg","AssetFile":"images/logo.svg.gz","Selectors":[{"Name":"Content-Encoding","Value":"gzip","Quality":"0.000259201659"}],"ResponseHeaders":[{"Name":"Cache-Control","Value":"max-age=31536000, immutable"},{"Name":"Content-Encoding","Value":"gzip"},{"Name":"Content-Length","Value":"3857"},{"Name":"Content-Type","Value":"image/svg+xml"},{"Name":"ETag","Value":"\"g+MyFkvqxDM4LDbme/FgnM5C+B8CgupQWYZRtLxJTrg=\""},{"Name":"Last-Modified","Value":"Tue, 24 Feb 2026 17:48:47 GMT"},{"Name":"Vary","Value":"Accept-Encoding"}],"EndpointProperties":[{"Name":"fingerprint","Value":"alnk15fntl"},{"Name":"integrity","Value":"sha256-ksY3Siovjc/UVDs0a0NVVV/FKH1MkjX5jRCgLGywZDw="},{"Name":"label","Value":"images/logo.svg"},{"Name":"original-resource","Value":"\"ksY3Siovjc/UVDs0a0NVVV/FKH1MkjX5jRCgLGywZDw=\""}]},{"Route":"images/logo.alnk15fntl.svg","AssetFile":"images/logo.svg","Selectors":[],"ResponseHeaders":[{"Name":"Cache-Control","Value":"max-age=31536000, immutable"},{"Name":"Content-Length","Value":"10479"},{"Name":"Content-Type","Value":"image/svg+xml"},{"Name":"ETag","Value":"\"ksY3Siovjc/UVDs0a0NVVV/FKH1MkjX5jRCgLGywZDw=\""},{"Name":"Last-Modified","Value":"Tue, 24 Feb 2026 15:52:34 GMT"},{"Name":"Vary","Value":"Accept-Encoding"}],"EndpointProperties":[{"Name":"fingerprint","Value":"alnk15fntl"},{"Name":"integrity","Value":"sha256-ksY3Siovjc/UVDs0a0NVVV/FKH1MkjX5jRCgLGywZDw="},{"Name":"label","Value":"images/logo.svg"}]},{"Route":"images/logo.alnk15fntl.svg.br","AssetFile":"images/logo.svg.br","Selectors":[],"ResponseHeaders":[{"Name":"Cache-Control","Value":"max-age=31536000, immutable"},{"Name":"Content-Encoding","Value":"br"},{"Name":"Content-Length","Value":"3175"},{"Name":"Content-Type","Value":"image/svg+xml"},{"Name":"ETag","Value":"\"J/WjS7II2vBLzuadKajQOvTUT5GdinWdRpSkVL8NaGQ=\""},{"Name":"Last-Modified","Value":"Tue, 24 Feb 2026 17:48:50 GMT"},{"Name":"Vary","Value":"Accept-Encoding"}],"EndpointProperties":[{"Name":"fingerprint","Value":"alnk15fntl"},{"Name":"integrity","Value":"sha256-J/WjS7II2vBLzuadKajQOvTUT5GdinWdRpSkVL8NaGQ="},{"Name":"label","Value":"images/logo.svg.br"}]},{"Route":"images/logo.alnk15fntl.svg.gz","AssetFile":"images/logo.svg.gz","Selectors":[],"ResponseHeaders":[{"Name":"Cache-Control","Value":"max-age=31536000, immutable"},{"Name":"Content-Encoding","Value":"gzip"},{"Name":"Content-Length","Value":"3857"},{"Name":"Content-Type","Value":"image/svg+xml"},{"Name":"ETag","Value":"\"g+MyFkvqxDM4LDbme/FgnM5C+B8CgupQWYZRtLxJTrg=\""},{"Name":"Last-Modified","Value":"Tue, 24 Feb 2026 17:48:47 GMT"},{"Name":"Vary","Value":"Accept-Encoding"}],"EndpointProperties":[{"Name":"fingerprint","Value":"alnk15fntl"},{"Name":"integrity","Value":"sha256-g+MyFkvqxDM4LDbme/FgnM5C+B8CgupQWYZRtLxJTrg="},{"Name":"label","Value":"images/logo.svg.gz"}]},{"Route":"images/logo.svg","AssetFile":"images/logo.svg.br","Selectors":[{"Name":"Content-Encoding","Value":"br","Quality":"0.000314861461"}],"ResponseHeaders":[{"Name":"Cache-Control","Value":"max-age=3600, must-revalidate"},{"Name":"Content-Encoding","Value":"br"},{"Name":"Content-Length","Value":"3175"},{"Name":"Content-Type","Value":"image/svg+xml"},{"Name":"ETag","Value":"\"J/WjS7II2vBLzuadKajQOvTUT5GdinWdRpSkVL8NaGQ=\""},{"Name":"Last-Modified","Value":"Tue, 24 Feb 2026 17:48:50 GMT"},{"Name":"Vary","Value":"Accept-Encoding"}],"EndpointProperties":[{"Name":"integrity","Value":"sha256-ksY3Siovjc/UVDs0a0NVVV/FKH1MkjX5jRCgLGywZDw="},{"Name":"original-resource","Value":"\"ksY3Siovjc/UVDs0a0NVVV/FKH1MkjX5jRCgLGywZDw=\""}]},{"Route":"images/logo.svg","AssetFile":"images/logo.svg.gz","Selectors":[{"Name":"Content-Encoding","Value":"gzip","Quality":"0.000259201659"}],"ResponseHeaders":[{"Name":"Cache-Control","Value":"max-age=3600, must-revalidate"},{"Name":"Content-Encoding","Value":"gzip"},{"Name":"Content-Length","Value":"3857"},{"Name":"Content-Type","Value":"image/svg+xml"},{"Name":"ETag","Value":"\"g+MyFkvqxDM4LDbme/FgnM5C+B8CgupQWYZRtLxJTrg=\""},{"Name":"Last-Modified","Value":"Tue, 24 Feb 2026 17:48:47 GMT"},{"Name":"Vary","Value":"Accept-Encoding"}],"EndpointProperties":[{"Name":"integrity","Value":"sha256-ksY3Siovjc/UVDs0a0NVVV/FKH1MkjX5jRCgLGywZDw="},{"Name":"original-resource","Value":"\"ksY3Siovjc/UVDs0a0NVVV/FKH1MkjX5jRCgLGywZDw=\""}]},{"Route":"images/logo.svg","AssetFile":"images/logo.svg","Selectors":[],"ResponseHeaders":[{"Name":"Cache-Control","Value":"max-age=3600, must-revalidate"},{"Name":"Content-Length","Value":"10479"},{"Name":"Content-Type","Value":"image/svg+xml"},{"Name":"ETag","Value":"\"ksY3Siovjc/UVDs0a0NVVV/FKH1MkjX5jRCgLGywZDw=\""},{"Name":"Last-Modified","Value":"Tue, 24 Feb 2026 15:52:34 GMT"},{"Name":"Vary","Value":"Accept-Encoding"}],"EndpointProperties":[{"Name":"integrity","Value":"sha256-ksY3Siovjc/UVDs0a0NVVV/FKH1MkjX5jRCgLGywZDw="}]},{"Route":"images/logo.svg.br","AssetFile":"images/logo.svg.br","Selectors":[],"ResponseHeaders":[{"Name":"Cache-Control","Value":"max-age=3600, must-revalidate"},{"Name":"Content-Encoding","Value":"br"},{"Name":"Content-Length","Value":"3175"},{"Name":"Content-Type","Value":"image/svg+xml"},{"Name":"ETag","Value":"\"J/WjS7II2vBLzuadKajQOvTUT5GdinWdRpSkVL8NaGQ=\""},{"Name":"Last-Modified","Value":"Tue, 24 Feb 2026 17:48:50 GMT"},{"Name":"Vary","Value":"Accept-Encoding"}],"EndpointProperties":[{"Name":"integrity","Value":"sha256-J/WjS7II2vBLzuadKajQOvTUT5GdinWdRpSkVL8NaGQ="}]},{"Route":"images/logo.svg.gz","AssetFile":"images/logo.svg.gz","Selectors":[],"ResponseHeaders":[{"Name":"Cache-Control","Value":"max-age=3600, must-revalidate"},{"Name":"Content-Encoding","Value":"gzip"},{"Name":"Content-Length","Value":"3857"},{"Name":"Content-Type","Value":"image/svg+xml"},{"Name":"ETag","Value":"\"g+MyFkvqxDM4LDbme/FgnM5C+B8CgupQWYZRtLxJTrg=\""},{"Name":"Last-Modified","Value":"Tue, 24 Feb 2026 17:48:47 GMT"},{"Name":"Vary","Value":"Accept-Encoding"}],"EndpointProperties":[{"Name":"integrity","Value":"sha256-g+MyFkvqxDM4LDbme/FgnM5C+B8CgupQWYZRtLxJTrg="}]}]}