{
  "runtimeOptions": {
    "tfm": "net10.0",
    "frameworks": [
      {
        "name": "Microsoft.NETCore.App",
        "version": "10.0.0"
      },
      {
        "name": "Microsoft.AspNetCore.App",
        "version": "10.0.0"
      }
    ],
    "configProperties": {
      "System.GC.Server": true,
      "System.Reflection.Metadata.MetadataUpdater.IsSupported": false,
      "System.Reflection.NullabilityInfoContext.IsSupported": true,
      "System.Runtime.Serialization.EnableUnsafeBinaryFormatterSerialization": false,
      "Microsoft.AspNetCore.Components.Endpoints.NavigationManager.DisableThrowNavigationException": true
    }
  }
}